"","merge_col","pixels_per_cm","area","length","width","perimeter","openness","mean_blue","mean_red","mean_green","cone_n","RP_BB_x","RP_BB_y","RP_BB_w","RP_BB_h","RP_Hu_0","RP_Hu_1","RP_Hu_2","RP_Hu_3","RP_Hu_4","RP_Hu_5","RP_Hu_6","RP_Aspect_ratio","RP_Extent","RP_Solidity","RP_Equivalent_diameter","RP_Orientation","RP_Minor_axis_length","RP_Feret_diameter_max","RP_Feret_diameter_min","Blue_Entropy_Smoothness","Blue_Entropy_Uniformity","Blue_Entropy_Entropy","Blue_LBP_0","Blue_LBP_1","Blue_LBP_2","Blue_LBP_3","Blue_LBP_4","Blue_LBP_5","Blue_LBP_6","Blue_LBP_7","Blue_LBP_8","Blue_LBP_9","Blue_LBP_10","Blue_LBP_11","Blue_LBP_12","Blue_LBP_13","Blue_LBP_14","Blue_LBP_15","Blue_Color_Median","Blue_Color_Std","Blue_Color_Skew","Blue_Color_Kurtosis","Blue_GLCM_contrast","Blue_GLCM_dissimilarity","Blue_GLCM_correlation","Blue_GLCM_homogeneity","Blue_GLCM_energy","Blue_GLCM_ASM","Green_Entropy_Smoothness","Green_Entropy_Uniformity","Green_Entropy_Entropy","Green_LBP_0","Green_LBP_1","Green_LBP_2","Green_LBP_3","Green_LBP_4","Green_LBP_5","Green_LBP_6","Green_LBP_7","Green_LBP_8","Green_LBP_9","Green_LBP_10","Green_LBP_11","Green_LBP_12","Green_LBP_13","Green_LBP_14","Green_LBP_15","Green_Color_Median","Green_Color_Std","Green_Color_Skew","Green_Color_Kurtosis","Green_GLCM_contrast","Green_GLCM_dissimilarity","Green_GLCM_correlation","Green_GLCM_homogeneity","Green_GLCM_energy","Green_GLCM_ASM","Red_Entropy_Smoothness","Red_Entropy_Uniformity","Red_Entropy_Entropy","Red_LBP_0","Red_LBP_1","Red_LBP_2","Red_LBP_3","Red_LBP_4","Red_LBP_5","Red_LBP_6","Red_LBP_7","Red_LBP_8","Red_LBP_9","Red_LBP_10","Red_LBP_11","Red_LBP_12","Red_LBP_13","Red_LBP_14","Red_LBP_15","Red_Color_Median","Red_Color_Std","Red_Color_Skew","Red_Color_Kurtosis","Red_GLCM_contrast","Red_GLCM_dissimilarity","Red_GLCM_correlation","Red_GLCM_homogeneity","Red_GLCM_energy","Red_GLCM_ASM","folder","Image_name","QR_info","trial","genotype","rep","weight_g","year","Variety"
"1","09.18.24_IMG_4575.JPG",114.376489277204,7.10361306950874,3.7751946725141,2.58571836897335,15.6984143665079,4.15830592281842,38.8020424181333,117.801744955,138.625652530167,12,2084,1565.5,402,383.75,0.17821108093525,0.004464800836883,0.0001466296247299,4.09320926072338e-05,1.99998943891819e-08,3.29931684689444e-06,1.77829216726029e-09,1.06504027254175,0.60765533738525,0.841092981079333,342.681387421333,80.3350790340917,431.793512980167,362.4417063395,407.333895365333,0.0170377070193167,0.24523372551875,0.267649770995917,0.0039233013438525,0.00453003700363333,4.82798556460917e-05,0.00220799668087667,0.000641827932318083,0.000207402730448,0.00023422776038,0.00363426392618583,0.00144085129796,0.000430133521127583,1.14199416817925e-05,0.000152540963330167,0.00313950249962833,0.000520711853925167,0.00277783765141333,0.0385996650376,29,38.5199018870167,2.49952701888917,7.44960416196417,219.523904263917,3.47805183336833,0.902707756343917,0.637601690724333,0.472119691731583,0.227247043662333,0.0663004003322417,0.166754448759083,0.25669071310125,0.00376010324480583,0.004633380380265,4.2042760918475e-05,0.00213454784894083,0.000913250326807333,0.000360289083303083,0.000224049014873583,0.00502933893058,0.00123128875353525,0.000475533584180083,1.03319496354042e-05,0.000205141298320583,0.00347201070580583,0.000849742794094833,0.00238660095387333,0.0367723483700667,138.166666666667,14.85833276095,1.07860206602433,4.6659021120875,228.106833199583,2.48534264659667,0.975479235577,0.68938038224075,0.388696370270833,0.154606026445433,0.0493710550087667,0.16713397464075,0.258252157948083,0.00354078857837583,0.00464675524832583,3.49840949676917e-05,0.00200523323842333,0.000866187985422583,0.000342514840486583,0.000198067064736,0.0050486729705375,0.00114084668040917,0.00044762135135125,7.61055601236333e-06,0.000166515571952,0.00343165788210583,0.000849177241295583,0.0023132166726,0.0374601500230083,116.833333333333,15.0323612775833,1.41420993612758,5.91631963930583,185.565554716333,2.25148860291667,0.972733399915833,0.704106770600833,0.389011383999833,0.154841149606725,"09.18.24","IMG_4575.JPG","preelite_2024_W1108_333_6","preelite","W1108",333,8.6,2024,"Vera"
"2","09.18.24_IMG_4577.JPG",114.376489277204,5.04437233972504,3.17615539413755,2.06119762643175,10.4980629372256,3.30527371444187,44.0146505862308,125.638464780308,144.865442220462,13,1985.53846153846,1832.15384615385,341,296.846153846154,0.178297054379154,0.00560219472539,7.96546647297108e-05,8.48574776026508e-06,4.51018445099411e-10,6.07660135468059e-07,5.13546771726554e-11,1.21721889031385,0.666914887559231,0.927671204935385,288.337213033308,75.0870102368462,363.277503380308,311.759086022077,306.471792367769,0.0198348634155308,0.170338967310954,0.241314855018538,0.00534419575933615,0.00539218555611615,8.26099444876385e-05,0.00263318047318308,0.000737228567077923,0.000242074230592154,0.000348117621678692,0.00375193193479769,0.00185149708988615,0.000561501521713846,2.26050388162615e-05,0.000263631044183,0.00334262125123538,0.000555759876477539,0.00352603073455692,0.0338448293558615,36.5384615384615,37.6836677468769,2.45263698776077,7.87998112816231,249.476234728615,4.31674420363462,0.905770686466154,0.549160562755154,0.387660695449077,0.154062193370154,0.0679380557990231,0.123018211784308,0.231068007952692,0.00533555116251231,0.00538790494078077,8.92507860952692e-05,0.00260822958012462,0.00109533462316777,0.000420120009066077,0.000376390628837615,0.00478179445097615,0.00168336469238923,0.000663396991347461,2.94189483376077e-05,0.000396514995216923,0.00369087441273538,0.000898072265774231,0.00306511869791846,0.0319786628147231,145.384615384615,16.3047256529769,0.751419181353136,3.98798099007146,258.975174198,3.27311881203154,0.972501911239077,0.594526867381154,0.326540000141077,0.109817022972885,0.0525399487613769,0.123514897445708,0.233171649667077,0.00510059401113769,0.00536357943136692,7.96298816439692e-05,0.00248549449206,0.00108496092290923,0.000421470224422923,0.000344994225087154,0.00485193370047154,0.00159537199727769,0.000643085941264692,2.21574665450154e-05,0.000361585636002385,0.00366144573161769,0.000941424883387615,0.00292932750271769,0.0326129439520923,125.384615384615,15.9652418627923,1.04610553146848,4.90540191494231,212.523119056077,2.91866846418154,0.970339356161923,0.614572038282692,0.326881612671231,0.110022852409623,"09.18.24","IMG_4577.JPG","preelite_2024_W1108_333_5","preelite","W1108",333,7.4,2024,"Vera"
"3","09.18.24_IMG_4587.JPG",115.567911040508,7.18765846336014,4.08411006335452,2.35068074254866,12.9736860688384,3.17662498502363,37.69933300769,120.8770513818,139.1795336871,10,1829.7,1331.3,370.1,415.9,0.1883583599678,0.009127137505281,0.00017184331041295,1.6374329779064e-05,2.50825090836568e-09,1.38011634728789e-06,4.87276392259516e-10,0.9993411841451,0.6523491672661,0.922988085086,348.1905459629,66.186045980409,471.9920684814,340.1311401367,424.1995315552,0.014926073519633,0.2285379579977,0.2628528906671,0.004004725049658,0.004666540778202,3.871691783243e-05,0.002096508304839,0.000653443829664,0.0002194640090475,0.0001760626876522,0.00394036886592,0.0015817814500907,0.0005129098040795,7.634169154709e-06,0.00013404389241429,0.003674849115869,0.0006411881799331,0.00234720800038,0.03780455494527,30.6,34.11278438776,2.445528357383,8.029028439857,178.492418574,3.045353154383,0.9075453833635,0.6416162444204,0.4525311977914,0.2107504624335,0.06398320822826,0.13519842246671,0.2440684978804,0.003905554610333,0.005128233592667,1.9036100410606e-05,0.002109163317553,0.0008379071694819,0.0003589827412251,0.0001327546285992,0.005272053117185,0.0014822225081909,0.0005839007773352,4.184682285048e-06,0.0001492168644085,0.004373544913727,0.001115425463852,0.00226615768677,0.03476166182598,139.7,14.30738616005,0.5088752941975,3.4970409281026,193.3719599381,2.132129733014,0.9783829292171,0.6938113710527,0.3459756976705,0.12249824304721,0.04936059110523,0.13587731944744,0.2472080710249,0.003759899804764,0.005137242221494,1.777381224287e-05,0.001932874757048,0.0008646216104134,0.0003655282678416,0.00012250361707423,0.005168906729292,0.0013193434818647,0.0005621537760562,3.7916553096985e-06,0.0001299101553119,0.004263838094813,0.0011605733866757,0.002121946400855,0.03556909222894,120.5,13.6042320539,0.94334775682269,4.76651832316237,159.934896129,1.936106705371,0.9765047777813,0.710516894316,0.3464331529745,0.1228073604355,"09.18.24","IMG_4587.JPG","preelite_2024_W1108_333_3","preelite","W1108",333,8.9,2024,"Vera"
"4","09.18.24_IMG_4598.JPG",113.979348689436,5.26023639890088,3.33820255627294,2.0732372700936,11.3293288351906,3.39384103996362,36.3853419757733,116.192058108333,136.346082139333,15,1910.86666666667,1563.4,363.066666666667,296.333333333333,0.182181383562867,0.006871860462516,9.81199916445887e-05,1.04816496909145e-05,5.73091342838088e-10,7.89277736705608e-07,-1.41847894531472e-10,1.273201287844,0.648707395397,0.8998569587094,293.464534459733,100.639038475356,380.4861531574,325.103108724,318.883876546133,0.0168468520634,0.221126603053333,0.264326770086867,0.004740319559238,0.004576465227394,5.79750572000933e-05,0.00217185199831533,0.0007049692216354,0.0002225817689212,0.000269865466859267,0.00364248775537533,0.001802996586512,0.0005044750356746,1.77125837349253e-05,0.0002044914898048,0.003217846161312,0.000534698193767733,0.002856097661168,0.03697516623308,26.6666666666667,37.91035563588,2.560589762932,7.79523750508867,229.472461627267,3.840676311924,0.898258560265267,0.603958318041533,0.442898169440867,0.200138714161667,0.0624190606646533,0.1361307926861,0.245134010603933,0.00477786771094467,0.00475361715247667,5.01510126099667e-05,0.00216470816984867,0.00106492033806707,0.000395624587996067,0.000264939091542467,0.00477613323637533,0.0017612319709712,0.000630821451871333,2.0380994579958e-05,0.000320834360325333,0.00398063385498733,0.000984828426143933,0.002547378268242,0.03400592937302,135.933333333333,15.0150780271333,1.029058535402,4.81949935950567,236.240658016133,2.847580490916,0.973174057133933,0.644225364271133,0.347287200832067,0.122439125532427,0.0467354594033267,0.137093607381133,0.2490960943802,0.00447996583483667,0.00478402805661867,4.41840811258333e-05,0.0020104459652094,0.0010249790636706,0.00039097188898,0.000230916665468667,0.00481375443783867,0.00159150139078513,0.0005936246682706,1.49847036509073e-05,0.000267711343017533,0.00391338462708933,0.00101519268785793,0.00242980769965667,0.0348945468859333,115.2,14.794044960252,1.5558543786328,6.659906648436,193.95423817726,2.54237215688067,0.970129332955467,0.6652864873358,0.347867921254533,0.122824488249647,"09.18.24","IMG_4598.JPG","preelite_2024_W1108_333_1","preelite","W1108",333,8.4,2024,"Vera"
"5","09.18.24_IMG_4617.JPG",116.362192216044,5.23138213764866,3.29083976183131,2.08597676856316,10.709015401795,3.25418925770958,34.4487851940083,116.910675017917,138.669331652,12,1887.25,1432.91666666667,323.916666666667,340.25,0.182277878631917,0.00653381196762417,0.00017588448154954,5.24360890092167e-06,-1.24288395520452e-11,-3.846162721125e-09,1.42921378052811e-10,1.01874864239242,0.6593047714425,0.924535798071,298.913215729917,112.018680254625,382.929328918417,303.507966359417,335.628218332917,0.0160029849594908,0.2163550078655,0.265537399791583,0.004768192927645,0.00433370706678333,7.51370583877833e-05,0.00241278142560333,0.000806568413143333,0.000227268424893417,0.000327789315602917,0.00361598454292167,0.00183597522775225,0.000514454314741417,2.11398881631667e-05,0.0002439736798145,0.00339511873855417,0.00054340328184575,0.00293853595667833,0.0364399697374583,24.6666666666667,37.2108624933667,2.7348790321,9.13835042780167,233.986048889842,3.92044214622,0.891310890585417,0.596649583840333,0.438292632106167,0.19486608343,0.0631427777008667,0.127162602878642,0.2379221721005,0.00491339873402667,0.0045258066824425,8.09400118336917e-05,0.00243828892938,0.00125489297406325,0.000411117207769833,0.000360779267350417,0.0048224321328275,0.00174828511071875,0.000628112587051833,2.6672104427625e-05,0.00041652519403475,0.00412465441539167,0.000962771210517417,0.00271415528554333,0.033071168152625,138.333333333333,15.2887601547833,1.19233084115692,6.08040880255692,239.03941407275,2.99328527659333,0.972280268169083,0.6198331085775,0.3330914732165,0.113594346116567,0.0464035523926417,0.127820107874367,0.240385341177167,0.0046457850348175,0.00452274962021083,6.78118815433e-05,0.00231493415170167,0.0012035089150595,0.000401558632154917,0.0003215978218235,0.00487987179586167,0.00164430280852275,0.000597834647582917,2.052857301823e-05,0.000351432200048083,0.00412788584055667,0.000996615511221417,0.0026249884753825,0.0337785940904917,115.916666666667,15.288647637455,1.53772202043992,7.71077941454167,193.77943074075,2.67271755618,0.96893809058625,0.640034551863417,0.333582157985,0.11390218692315,"09.18.24","IMG_4617.JPG","preelite_2024_W1108_333_4","preelite","W1108",333,6.9,2024,"Vera"
"6","09.18.24_IMG_4699.JPG",115.965051628276,3.45967946882154,2.37997472541549,1.91663569974563,8.8329708749833,3.7113717135972,39.15469994161,111.9597855773,133.3555909625,10,1907.4,1903.4,260.3,282.8,0.1685218329768,0.0016027155743089,9.0229825506378e-05,3.392413503394e-06,7.96000462139566e-11,8.61021109981616e-08,-2.90076195768436e-11,0.9376718180398,0.6212825084175,0.8794541445842,239.8305331029,106.18208951959,275.9938919068,264.9110977174,238.8169906616,0.015255455594217,0.4525893341394,0.2579182040509,0.002940147084532,0.002630895003657,2.24534294522e-05,0.0014091959450312,0.0004238335403922,0.00013476815568709,0.0001405655351086,0.002931982577858,0.0013913932396127,0.00025797901205205,6.534201329748e-06,6.898420336224e-05,0.00231540692527,0.0003077983886764,0.001622821990742,0.04589524076724,23.3,45.07203413071,1.976545142486,3.798526736887,229.44983030866,3.245855617233,0.886972003069,0.7377973738353,0.6416079833743,0.4230516014413,0.06185482720023,0.1536696499889,0.2511435517977,0.004028258705302,0.004922220297325,2.317654715144e-05,0.002258154613252,0.0007228026573066,0.0003171415698084,0.0001511699647214,0.005669580608889,0.002121759511839,0.0005245810381652,5.972371249509e-06,0.0001515935235779,0.004068390012427,0.0008516152825725,0.002259557939745,0.03442402535666,132.1,16.60813244681,1.20715559040233,4.8266367760688,283.7191102666,2.889950376338,0.9670800511831,0.6637417784616,0.3708711718723,0.1400535674962,0.04538553078935,0.1537644380119,0.2514220321397,0.003868861194281,0.005022808838706,1.677679286731e-05,0.002206402050603,0.0006806362804357,0.0002930251367098,0.0001302745508736,0.005659928843975,0.002056471508889,0.0005012918247061,4.360173800556e-06,0.00011830082665695,0.004104586169919,0.0008052414717113,0.002283822570425,0.03474721176543,110.5,17.31978653827,1.35247067484372,5.555726163899,232.2716495224,2.696025054892,0.9627458691512,0.6680320269889,0.3709871214208,0.14013968526737,"09.18.24","IMG_4699.JPG","advanced_2024_W1108_333_2","advanced","W1108",333,3.2,2024,"Vera"
"7","09.18.24_IMG_4707.JPG",113.582208101668,4.33155222069539,2.78239993051511,2.05349342053768,10.7923833144178,3.87880376075907,38.589578862775,119.964772322417,139.615637841583,12,2128.25,1600.91666666667,294.333333333333,287.333333333333,0.170850832017167,0.002917213084815,8.34670872878208e-05,3.06863335554133e-06,5.06174222988963e-11,5.57178299054033e-08,-1.672628132063e-11,1.04147507141692,0.6655334505815,0.889898580664083,265.076223306583,75.0006428956767,316.031127929833,275.580169677667,289.436225891167,0.0190888426980583,0.203923825725833,0.252843923410333,0.00461652872434,0.00448037842711,6.21460408790083e-05,0.002783901882945,0.000820816693961083,0.000207533807725667,0.000311124567197917,0.00391287613801583,0.00204351063272167,0.000498481935368083,1.63628088463283e-05,0.00025214746162,0.003978919628285,0.000494110187591667,0.0030653017971525,0.0349558592662333,27.4166666666667,39.8418547789083,2.38809125531667,6.78645062868667,288.170347861583,4.43388530095167,0.888240614680833,0.574677808286417,0.418723989151833,0.181841935657467,0.064262720879125,0.123126042020142,0.23050954550125,0.0046068234466325,0.00462393547675083,5.41887007239e-05,0.0028608137443475,0.00123034797654833,0.00035185377605975,0.000314417452352333,0.0051350896938525,0.00201713064048917,0.000630401672524417,2.02543486060458e-05,0.000426590662331667,0.0047686717465925,0.000878279840243583,0.00285104599980667,0.0317301548221417,138.25,17.3810026775,1.04955170742917,4.60570792840583,307.035463956333,3.47938609408667,0.9657623411715,0.602911906201417,0.328299060720667,0.109881124597442,0.0487614688677083,0.124503181995142,0.236335886484,0.00444653625992583,0.0046174427160875,4.87125370898667e-05,0.00271101265023167,0.00121967800679833,0.000353344176668,0.000294016040623917,0.00516704405149167,0.00188713103404583,0.000610789538116917,1.59317719467767e-05,0.000378233418459333,0.004700893314295,0.000907839691869917,0.00274376129195667,0.0323976335003917,118.083333333333,16.563972646775,1.56661673679067,6.65458116844833,254.793186555417,3.1311385681375,0.96217143021725,0.621073521413833,0.328887806874917,0.110260814602333,"09.18.24","IMG_4707.JPG","advanced_2024_W1108_333_1","advanced","W1108",333,5,2024,"Vera"
"8","09.25.24_IMG_5211.JPG",114.376489277204,4.68674037952594,3.01138995855022,2.04792760892412,9.98273046016691,3.31499095021653,80.80179798847,156.1041470306,168.0988942687,10,1902.7,1387.8,317.8,301.8,0.1739065069405,0.004077286725819,7.6774000414756e-05,2.98724828278835e-06,8.22210455261669e-11,1.87497838092373e-07,-5.45725703025882e-11,1.0732828812637,0.6464796726741,0.928121853487,278.8913681068,91.34511375435,344.4322113036,290.964692688,301.8410842896,0.04052065836831,0.1799944812511,0.2366997411538,0.00530981455574,0.004833656350478,6.89711371932e-05,0.002692064396579,0.0007217419856561,0.0002126495017672,0.0003112620499042,0.004119746458366,0.00230492047363,0.0005090159325692,2.543976565661e-05,0.0002608477105879,0.00353929888625,0.0004958225482637,0.003131083343532,0.03396366490382,77.6,44.98964732327,0.66004371460335,0.8759137941868,325.5754167281,5.854929292037,0.9400289005798,0.5176116427805,0.4027151614125,0.1651778829608,0.09293834213205,0.13306637527022,0.2251992341711,0.005600641308534,0.00510718905964,8.527605568705e-05,0.002885206075088,0.0010027992316201,0.0003352458135969,0.00036057329766,0.004667828767075,0.0023074367911,0.0006583636751609,3.474715381468e-05,0.0004381141630502,0.003820229542013,0.0006998468936314,0.002959932075741,0.03153657009659,170.7,22.1428969608,-0.3145982798326,0.5872045765621,320.4755191899,4.17274398972,0.9759703878787,0.5401047343653,0.3470466221829,0.1226446458492,0.08047390146102,0.13424587683116,0.2312041421234,0.0054495216478,0.005043879390644,7.974065985877e-05,0.002732068221174,0.0010648398055367,0.0003721578941359,0.0003497208242947,0.004711232312371,0.002200672761977,0.0006763529311197,3.313634173137e-05,0.0004492447742263,0.003835519321076,0.0007841399449144,0.002808507562722,0.03190926560641,158.1,18.33839411991,-0.39369901388019,0.53103809195189,259.4513348929,3.515373501533,0.9771766455382,0.5709749399618,0.3473852901632,0.1228701033924,"09.25.24","IMG_5211.JPG","advanced_2024_Zeus2023_1","advanced","Zeus2023",1,NA,2024,"Zeus"
"9","09.25.24_IMG_5216.JPG",115.965051628276,4.89455106649465,2.90258120882107,2.17334597101102,9.14247297897881,3.14977336420233,47.47081051187,137.4811995528,147.2818217333,10,1903,1259.7,295.3,316.7,0.1684209901404,0.0024042138730689,0.00010052109042734,7.5382725536046e-06,6.80669198174494e-10,4.44114315139306e-07,8.96769707598393e-11,0.9611136400264,0.7060651997547,0.9580194614443,287.8669405514,112.80238533004,336.5979797362,312.9739883421,281.4998321534,0.02135926650481,0.2174472183058,0.2570442872052,0.005727077318042,0.004051832135845,9.642786922857e-05,0.002621626557473,0.0007802726113193,0.0002045802428953,0.0003832394071669,0.003358211734582,0.002431101155587,0.0005033696618694,3.868731606695e-05,0.0003144054448885,0.003247423579039,0.000402973791577,0.003139911577898,0.03519885959653,38.8,39.83417278543,1.976232684529,5.776444735614,285.3574435326,5.464473654353,0.8996318432249,0.5302946363411,0.4318213197812,0.1890253885328,0.06720495083157,0.09391283380642,0.2003660095189,0.006700757309623,0.004718215547553,0.00012959461572877,0.003105606817678,0.001190313194404,0.0003609548316003,0.000495094590066,0.004652312322812,0.002984870891178,0.0007639938840263,6.075715830757e-05,0.0006006758581137,0.004336836609855,0.0007182548175495,0.003550901207229,0.02813086034429,147.9,19.59936389661,0.2158481728149,1.1808783344763,272.4747026579,4.513768663037,0.9707887106,0.4707777875982,0.2845602024105,0.08231007261795,0.05827918355794,0.09561026122885,0.2084593898169,0.006616286051304,0.004605743049376,0.00012768560628236,0.003001935008028,0.0012916258509854,0.0004073834819456,0.0005070326043407,0.004694904560754,0.002813295684891,0.0007913395222836,5.882758238792e-05,0.0006373537259431,0.004292468834585,0.0008025005747666,0.003346229037116,0.02850538882501,137,16.01126906138,0.43772477358198,1.4173394574832,223.6273372628,3.907333700565,0.9720671161519,0.4938309661765,0.2849398649084,0.08252444814325,"09.25.24","IMG_5216.JPG","advanced_2024_Zeus2024_1","advanced","Zeus2024",1,NA,2024,"Zeus"
"10","09.25.24_IMG_5219.JPG",114.376489277204,4.02422605530719,2.69962761389408,1.92657929145949,8.70229758531132,3.22351776983,61.47941113504,147.4241896653,154.582620071,10,1866.7,1270,272.1,277.2,0.169995171242,0.0030541631029024,5.1579533858875e-05,1.87145046690674e-06,2.95244773558492e-11,6.44271354788855e-08,1.42384232204529e-12,1.0052058484565,0.699793082517,0.9518231254534,257.8650222576,83.886050152775,308.773928833,266.6818618774,271.8135848999,0.03040083493985,0.1921074927169,0.2417127615541,0.005207941169282,0.004299160495015,6.977758893135e-05,0.002884086447103,0.0008347922985887,0.0002107672235976,0.0003269833632797,0.004136783455714,0.002388015628239,0.0004977917992983,2.373411047183e-05,0.0002721658115306,0.003781815921536,0.0004504214193947,0.003056702087532,0.03405906118049,52.3,44.43024167392,1.2014739030772,1.9888998862508,316.510338885,5.65351027585,0.9218998355919,0.5227693903494,0.407975681648,0.17036510637617,0.07524235494967,0.09813077334813,0.2000844662834,0.005719983814425,0.004807653010504,7.850012444572e-05,0.003332570689206,0.0012075879670979,0.0003516849602516,0.0003904956341971,0.005362394248572,0.002753720150171,0.0007004183984533,3.312403601193e-05,0.0005135470347793,0.004592110896746,0.0006895351877956,0.003167552475519,0.02879912137182,155.9,22.04703803907,-0.11277995260678,0.4613380013605,310.4567980648,4.309783619874,0.9707507961225,0.5045149236666,0.2929942351164,0.08716258855354,0.06755195978566,0.09973716812629,0.2081706293698,0.005594612716772,0.004759358519597,8.247813934863e-05,0.003121961717429,0.0013062689235192,0.0004087880879824,0.0003963383616274,0.00534157860616,0.002570400258698,0.0007200611229887,3.702188380584e-05,0.0005430307129713,0.004579336172253,0.000797797833254,0.002950207060811,0.02929075988279,147.6,17.34011891666,-0.032214487496961,0.20345129824674,256.666228678,3.658885079165,0.9727861999777,0.5373354958582,0.2934753640717,0.08743931279877,"09.25.24","IMG_5219.JPG","advanced_2024_Zeus2022_2","advanced","Zeus2022",2,NA,2024,"Zeus"
"11","09.25.24_IMG_5220.JPG",113.979348689436,5.05428305608502,3.18719455748802,2.06090388196294,9.68070050424591,3.0373735677673,62.0116130620889,146.293472183667,154.318715033778,9,1901.66666666667,1255.33333333333,318.222222222222,303.111111111111,0.177430981130556,0.00568628642452556,6.50378435836054e-05,5.35881549987779e-06,1.334233251156e-10,3.5390988842591e-07,-2.43348351946804e-11,1.10872510899789,0.697472440434556,0.949405528457556,288.644001913667,94.2168254322489,363.274359809,300.680475870667,306.952373928444,0.0288106376491111,0.219975821988933,0.241123198139444,0.00540522954629,0.00428920600148333,6.76095866007667e-05,0.00239497484616111,0.000738820254777556,0.000207020995761222,0.000295052853802,0.00367004470596222,0.00241934843381556,0.000513511393591778,2.70287822477222e-05,0.000241504604963,0.00346037506325778,0.000462538284696111,0.00294561012418889,0.0353621245224,55.1111111111111,43.1832859097222,1.146540768012,2.19805789574227,294.25836203,5.46972529349667,0.920488872978667,0.541699682901889,0.431391736471556,0.198046064466622,0.0752802977951,0.100807508112189,0.202087826064222,0.00622119570034222,0.00501941884015111,8.43276149561222e-05,0.00286044024495444,0.00112526175833922,0.000359796286133111,0.000347700238814778,0.00492998650263222,0.00296377750860556,0.000744495265332111,4.20675837151667e-05,0.000493412700149556,0.00447704292483,0.000763015625971778,0.00304751631459667,0.0290205448904778,155.333333333333,22.6618141692778,-0.111532054665567,0.609724385755222,291.729227546778,4.27865861309444,0.972371386279778,0.507483201411333,0.297066846401444,0.0901752966238889,0.0669304830793333,0.102184981407856,0.209082787168778,0.00610318225369111,0.00489600625501111,8.39891152920222e-05,0.00272113334295,0.00121396492539589,0.000416481525057556,0.000351763863525889,0.00495259812754667,0.00281439315507111,0.000762340993747111,4.47931718993889e-05,0.000533437689109889,0.00446577572844556,0.000866519299842111,0.00289721398087556,0.0293764065725556,146.666666666667,18.0600099448556,-0.0146172633766111,0.632878664556903,240.457177618333,3.65162845344111,0.974079061579,0.534958258873111,0.297454390632889,0.0903964008307111,"09.25.24","IMG_5220.JPG","advanced_2024_Zeus2022_1","advanced","Zeus2022",1,NA,2024,"Zeus"
"12","09.25.24_IMG_5221.JPG",114.376489277204,4.93821604859423,3.09960020639625,2.07089029660843,9.52269133173401,3.07223212596362,49.2130429581,137.3830172238,150.8401862242,10,2049.2,1313.1,342.7,276.5,0.1749085672681,0.004617540440792,0.000124175039915149,9.0175739588427e-06,5.07114149513955e-10,6.86121175645831e-07,-1.2255179204064e-11,1.2813575129873,0.6914875775701,0.9537113529308,284.934603068,101.01441426274,354.5213897705,321.7287750244,281.7858474733,0.02374861376474,0.2622270418222,0.2622101443968,0.004930331200303,0.004454959126955,5.233717885283e-05,0.002031634920328,0.0004795054360735,0.0001704486602006,0.0002400586729419,0.003212848399461,0.001932868547596,0.0004084234786054,1.3620913182896e-05,0.00012932133875109,0.002805024123085,0.0003984721190806,0.002993421476581,0.03824672440799,38.3,44.5484650023,1.878734497467,4.5512417547377,282.6486206812,4.828885015356,0.9079588389722,0.586240901721,0.4781088417348,0.2351605920734,0.07169778945246,0.10363486142079,0.207584670291,0.005845242754538,0.005680983277032,6.303472722509e-05,0.002594160729141,0.0007842053863183,0.0003202531514656,0.0003056298128534,0.004785283237945,0.002361800337362,0.0006391597519078,1.901550339251e-05,0.0002686632696225,0.004189110418606,0.0007827046182836,0.003688241492213,0.03017251153209,150.2,20.21934082439,0.58819647083918,2.1882573105923,278.6485026403,3.643609682121,0.9718478097192,0.5358945634949,0.3002147249192,0.09245662840596,0.05993956761005,0.10509711187035,0.2142692765386,0.005723725314775,0.00554045264197,6.241069142329e-05,0.002450262716551,0.0008582090625645,0.0003538188058702,0.000316125193781,0.004753169553514,0.002177574867658,0.0006727018852717,2.0461933902661e-05,0.0002731911318264,0.004134087505197,0.000870285894003,0.003527883408592,0.0307656393931,136.4,17.45359348676,0.703997016829682,2.5357510251832,224.462129446,3.160416078188,0.9724256566461,0.56075162153,0.3007136740776,0.09274920720216,"09.25.24","IMG_5221.JPG","advanced_2024_Zeus2023_2","advanced","Zeus2023",2,NA,2024,"Zeus"
"13","10.01.24_IMG_6143.JPG",113.979348689436,4.4596707500656,2.87939689775671,2.05238950027503,9.61466330749062,3.33912400717708,47.0352356420154,133.845892597,140.107368602615,13,2063.76923076923,1469.23076923077,314.153846153846,281.538461538462,0.172342527182615,0.00330675884959615,0.000143444660612871,7.12306919042937e-06,4.04075352432497e-10,2.64791630384027e-07,-1.32263299653545e-10,1.13425698430538,0.660590955295923,0.921774712703615,270.128009749769,90.5954985985615,328.191783024692,274.937244121846,304.598761925308,0.0209960709839769,0.329253480790846,0.269533805072154,0.00466320700763923,0.00363952060622462,7.65354149898077e-05,0.00218605112955231,0.000547824044591385,0.000137242434769808,0.000309046516452,0.00259484719933462,0.00182776032653692,0.000355981183740769,2.32052782926769e-05,0.000201459468311523,0.00254561512026154,0.000279502423072615,0.00273776205386923,0.0403744397923692,35.9230769230769,44.6490655964308,2.06976528195015,5.36285204860538,304.722888064769,5.15483866918692,0.889149216346077,0.610473547075615,0.536162236208385,0.294472787973308,0.0662141023254538,0.123614885408492,0.219704586134462,0.00617139210041923,0.00508385760505462,0.0001138657622493,0.00314737992603462,0.000954080316983154,0.000275351452696154,0.000458000713489,0.00414857575812615,0.00245900452879692,0.000671354740787308,4.08224517484462e-05,0.000486326986295692,0.00391007531757615,0.000621448910568538,0.00371787423861615,0.0302405891905615,139.384615384615,21.0845425186308,0.722850243668,2.06118752542408,290.770320876154,4.51960469924231,0.968467779075,0.499274855431769,0.331103541568538,0.112441988672969,0.0596924844794231,0.125195859899538,0.227246897985077,0.00609128559545231,0.00498532316620077,0.000120912801057092,0.00301941232435077,0.001048555622962,0.000320259431240538,0.000475301930548385,0.00415896987966308,0.00230330548016308,0.000705097125311692,4.23525025493538e-05,0.000531941021204615,0.00390034228440923,0.000702255081034077,0.00352590882077231,0.0305687769330846,133.153846153846,17.2121683122923,0.651801471517069,1.98797820472558,238.043953806462,3.90627382929769,0.971085922317769,0.521047958561538,0.331423684566385,0.112640019995731,"10.01.24","IMG_6143.JPG","advanced_2024_Zeus2024_2","advanced","Zeus2024",2,NA,2024,"Zeus"
"14","09.04.24_IMG_3481.JPG",112.390786338364,5.95059598073681,3.56270682634526,2.26737194224434,12.1910660359196,3.42185496313363,34.5162964056846,108.066859089923,126.856900992538,13,1909.69230769231,1529.30769230769,380.461538461538,316.538461538462,0.186143835887615,0.00705807936174615,0.00041831425655293,4.69945254321811e-05,2.22304724574767e-08,3.4287419439186e-06,6.16693680009925e-09,1.23705714810969,0.635901480769,0.896097531651462,307.346126073308,81.8566441169692,400.415421706,339.667244544385,340.537757286538,0.0151116828938754,0.383078849887,0.270090729871769,0.00404989853293923,0.00332199188843846,6.09830691052462e-05,0.00173168664970438,0.000565805118290385,0.000166394200283223,0.000270215127101692,0.00231818644411462,0.00147012685706492,0.000361651293258577,1.714511198109e-05,0.000172632338713946,0.00231828579623638,0.000345094876593462,0.00230599893670577,0.0430239037594846,19.3076923076923,43.3194883948077,2.50034142084923,7.15986269488615,230.651731500077,3.57449141641154,0.884232271350539,0.681584148361,0.581070094406154,0.348799180114077,0.0558749554878385,0.144730994181969,0.240053858380308,0.00525457089039846,0.00458546356317692,8.57324615076462e-05,0.00231501880940308,0.00104104053154038,0.000355252997383,0.000350582282939077,0.00405035124099769,0.00194914502286538,0.000647437081636538,3.17700242088231e-05,0.000407628217116,0.00407497511350462,0.000912692321475154,0.00308241721500692,0.0333559222268385,123.923076923077,18.155597374,1.37718489913623,4.10456649106192,217.623870824923,3.10422050723462,0.972115097076846,0.604581648338,0.359012051625846,0.132774068810554,0.0417171425424615,0.145765039394408,0.244561332963385,0.00490577631128846,0.00467188771692,7.19154856124769e-05,0.00217226943868538,0.00101923167159785,0.000352335492179154,0.000316652841659077,0.00416353439280231,0.00177290537303769,0.000611916383964538,2.14356899546077e-05,0.000343845717594538,0.00402615297438385,0.000965622507303385,0.00293655694097615,0.0341479610620538,105.230769230769,17.1859351617,1.53789492171362,5.26234621913,176.022798506462,2.72338940956846,0.969419072228154,0.629849086900538,0.359550362373154,0.133128235307938,"09.04.24","IMG_3481.JPG","advanced_2024_Cascade_2","advanced","Cascade",2,NA,2024,"Cascade"
"15","09.04.24_IMG_3482.JPG",112.390786338364,5.42205473284513,3.56535831572775,2.01788502294029,10.556902098989,2.96096525626041,40.2202421535083,112.0335094105,128.990606884083,12,1990.83333333333,1613.16666666667,371.833333333333,288.083333333333,0.19245277996025,0.0103458333970604,0.000407807057145967,3.85826388350317e-05,6.96769798467362e-09,3.53237652518448e-06,-6.93260279905684e-10,1.31417485829383,0.6433852297575,0.9278431565235,293.141719954417,78.1182370185667,400.713424682667,283.78861363725,356.960163116417,0.0166724077092325,0.512375789101583,0.248429627241,0.0031517760722225,0.00274549716670583,4.65511490257083e-05,0.00133528854935083,0.000344465660418417,9.5230555039025e-05,0.000183979157238667,0.0016201369325475,0.00102542453018067,0.00022590023315175,9.3783991363125e-06,8.31104535719917e-05,0.0016997557923275,0.000217371521485,0.00194178235433667,0.0477743514732583,23.5833333333333,50.2698038846083,2.18058801536,4.67715974558,248.786878989,3.4229121595475,0.88325663489175,0.751148220885083,0.683265270006833,0.47490662908275,0.0575693803550583,0.139307677201633,0.2399101250885,0.00518630807425333,0.00533967105463917,7.31934046774083e-05,0.0022929486726025,0.000857804402163417,0.000338151032512,0.000322817672487167,0.00393786042523083,0.00170262538325458,0.000631631591122833,2.08661829325125e-05,0.000286324117834417,0.00395799014870667,0.000918471373215917,0.00339946187373333,0.0332338745906333,125.583333333333,18.7692805147667,1.59480567445933,5.37645109723108,231.056046501333,3.05982098581333,0.971071542596917,0.610043084235,0.352426205314583,0.127102682005758,0.0443875943099417,0.14028663811305,0.244244021554333,0.00483092158648333,0.00533266917464417,5.93740486741583e-05,0.0021009356269,0.000865680510949,0.000341669264817833,0.000274585052769,0.004015192822895,0.0014999740355335,0.000590926172119583,1.42669921550225e-05,0.000236988381553417,0.0039058881319825,0.000987400963490333,0.0031879194808525,0.0342556077542,109,17.3762424117917,1.68864782958167,5.9475112882725,185.697785424108,2.64903674023583,0.969609701454917,0.640314925011083,0.353037032782583,0.127509720211558,"09.04.24","IMG_3482.JPG","advanced_2024_Cascade_1","advanced","Cascade",1,NA,2024,"Cascade"
"16","09.04.24_IMG_3483.JPG",111.596505162828,6.8841347963425,3.96665264290866,2.3043609790619,12.5541931789282,3.1649338394608,36.64924560558,110.8276216428,131.1272362669,10,1965.3,1457.3,382.1,345,0.1888218382583,0.00909437421003,0.0002992645248802,2.6222200791998e-05,2.57555712755884e-09,2.20236837284753e-06,4.140269003909e-11,1.1918371466516,0.680599159531,0.9146837671782,327.098116607,90.407281160339,442.6645721435,337.910293579,385.2408187867,0.01504910803862,0.3971681163867,0.2747734977523,0.003633960631219,0.003313741676008,4.407357823047e-05,0.001672243021681,0.0004896564484965,0.00014478043444387,0.0001993612014016,0.002705025106725,0.0013433098112865,0.0003077480447806,1.0549100194372e-05,0.00010404169884718,0.002351365385662,0.0003145761721282,0.002093249844929,0.04377231784396,22.7,43.13680310941,2.350839733751,6.56291903466,222.7703785178,3.346153797175,0.8871089584202,0.7011283253626,0.599376328453,0.3642886698455,0.05655543903948,0.11150836614231,0.2215749485062,0.004777405367927,0.005237272175328,5.232557877223e-05,0.002371505260858,0.00096959833728,0.000370171914788,0.0002589902226638,0.005308260314445,0.001794259643242,0.000606834372138,1.479025815481e-05,0.000256753926867,0.004329860531735,0.0009966158607225,0.002909567846315,0.03224578838877,128.1,18.10206074844,1.1872622505665,3.5405359446584,217.3741710563,2.728407896216,0.9722890376548,0.6237944030819,0.313783098935,0.09965890232905,0.04144264631542,0.11319029219672,0.2288172576924,0.004382817641751,0.005277088422106,3.537386742297e-05,0.002128109495624,0.000903741268167,0.0003620873694199,0.0002118252053979,0.00535962822347,0.001573547403353,0.000560541819618,9.618496134152e-06,0.0001879418245356,0.00428140804593,0.0010429120508667,0.002685455922696,0.03349790294353,108.1,16.45596639526,1.4497217599042,5.3082917032065,172.9278586699,2.375874743059,0.9694333528312,0.6548346659982,0.3148511072726,0.10029875789137,"09.04.24","IMG_3483.JPG","advanced_2024_Cascade_1","advanced","Cascade",1,NA,2024,"Cascade"
"17","09.04.24_IMG_3484.JPG",111.596505162828,4.99536688274971,3.36463934089642,1.92411949072868,11.602653343405,3.4484092254339,46.34844610274,116.4416390147,135.222716362,10,2050.9,1699.8,328.4,305.1,0.1945706395106,0.0113233809084367,0.00026534436373154,4.52923478136918e-05,2.54997525475554e-08,6.90319390401449e-06,6.91218916766214e-09,1.2070499130935,0.6342793221831,0.8750779409384,274.1902338264,111.56176834116,375.4819915774,324.6358917235,289.9376983644,0.02091649191542,0.4920231253295,0.2563104228337,0.003241530302495,0.002483202154159,5.16820757092e-05,0.0014458553005841,0.000390667153153,0.00010173229426873,0.0001990767597838,0.001882954884071,0.0012655077721475,0.0002296616430215,1.4176174722768e-05,0.0001052694344739,0.001739837247505,0.0002156654556781,0.001920638585097,0.04721254276314,28.4,54.76175000029,2.109192164691,4.149471770198,321.8353185509,4.191863748579,0.8812823947277,0.7330926898321,0.6712056890722,0.4552264026809,0.06312864151611,0.14624014239801,0.2354267575734,0.005303480541252,0.004675805534575,9.372407880077e-05,0.002550741345269,0.0009584560321731,0.0003361722561914,0.0003751795156914,0.004356562916311,0.002032487943398,0.0005836851892286,3.826183152545e-05,0.0003935721294156,0.003701789434686,0.0007568950179332,0.003227008375477,0.03311617785806,132.3,20.81519449352,1.2751991061975,3.8886482837506,311.8791964194,3.905209664208,0.9645368946732,0.5793312749895,0.3579836545704,0.13398320472697,0.04816575820548,0.14705643201201,0.2392620132815,0.004967575665158,0.004685489414138,7.565112486614e-05,0.002405572902277,0.0009465023011505,0.0003440000519334,0.0003379812781711,0.004528054361587,0.001909870541006,0.0005621158132964,2.773747515085e-05,0.0003331211560062,0.003729081674761,0.0008057148778569,0.003072555477384,0.03376897588525,113.4,19.5865622205,1.4113657300694,4.655236143621,250.6674330508,3.398287792204,0.9620784988134,0.6043854254792,0.358378335972,0.13424414587764,"09.04.24","IMG_3484.JPG","advanced_2024_Cascade_2","advanced","Cascade",2,NA,2024,"Cascade"
"18","09.04.24_IMG_3485.JPG",112.390786338364,5.31962121438899,3.42724718830549,1.9869834103427,11.0713497850541,3.23039138315786,38.85408852882,116.5873813655,134.306052941,10,2101.5,1710.2,363.6,291.8,0.1883706976203,0.008708894691155,0.00032857496410933,3.0653014172192e-05,4.83510680637017e-09,2.6363688315013e-06,1.29879929763837e-09,1.2801298990626,0.6318471379865,0.9099336382845,285.9161346232,90.67737693789,385.1910064696,288.8944793702,337.5551193236,0.01963659990597,0.3828388481919,0.2758797765533,0.004084669591084,0.003276075676824,6.862132456158e-05,0.001880095548587,0.000539061250855,0.00014232624970967,0.0002648813977734,0.002331990993715,0.001491539407078,0.0003322418409612,1.8505732836754e-05,0.0001606007880913,0.002337666654347,0.0003015714776047,0.00233946539521,0.04293068667077,23.3,48.7621883084,2.465389971157,6.322969827447,294.5072795065,4.237798697542,0.8842978509345,0.6697359934216,0.5818697459164,0.344828558788,0.06241066527015,0.14580713722102,0.2370871189959,0.005304098869032,0.004850814758927,9.832511380442e-05,0.002754811122377,0.0009830261160205,0.000338503116244,0.0003909284917311,0.004265060977888,0.001860074609128,0.0006017692427787,3.556813563896e-05,0.0004315795889862,0.003722143664056,0.0007671990561463,0.003176182078156,0.03291991505909,132,20.31162858609,1.2103920799879,4.059193351342,278.651639557,3.70042972968,0.967704040473,0.5777686570487,0.3588917849834,0.13379416876523,0.0482052239623,0.1468179285843,0.241714349226,0.004975239887423,0.004841792599474,8.167911196055e-05,0.002638483846926,0.0009721867593423,0.0003445375511264,0.0003587037443993,0.004440096690547,0.001714248721788,0.000581881963461,2.499313332238e-05,0.0003741073385057,0.003721443851135,0.000808614453631,0.00301425928371,0.03360773106325,113.6,18.92151808471,1.422027879763,4.908704105342,224.7949230531,3.228716030027,0.9657261340263,0.6024047017743,0.3593274492111,0.13408065397659,"09.04.24","IMG_3485.JPG","advanced_2024_Cascade  (Ninh)_1","advanced","Cascade  (Ninh)",1,NA,2024,"Cascade"
"19","09.18.24_IMG_4694.JPG",114.376489277204,3.68294573812123,2.85133727650617,1.70089441695293,8.73937296848616,3.06500849285525,37.8985681589455,113.936851443,135.281454206545,11,2059.36363636364,1824.18181818182,304.727272727273,245.818181818182,0.184795251934182,0.00788181934539273,0.000118630409435089,9.50903386777052e-06,3.87703285398463e-10,6.8458078745142e-07,-7.9195152590212e-11,1.27635129154664,0.648484660734182,0.932182267526273,246.650843038364,80.3964136297364,326.125947432,252.840638594182,275.336256547364,0.0192520932183,0.194538827401909,0.253810104421727,0.00504409899404091,0.00533273588150364,5.71772365042636e-05,0.00245195412051636,0.000642264161036364,0.000213881885190727,0.000286921404031,0.00343810081775818,0.00175694389415727,0.000513384194468091,1.77664381425091e-05,0.000203675403050818,0.00346327514262727,0.000543315298906636,0.00359211098617091,0.0349423941418909,26.5454545454545,40.1405714339091,2.52018553696818,7.63232049328545,254.675279323,4.21507973061364,0.899893622634091,0.576156738693273,0.412148824344818,0.174329654630455,0.0626615422381364,0.137211990930173,0.238913438081364,0.00497721793446727,0.00545483546533,5.68722632090636e-05,0.00237291885179364,0.000871912577001545,0.000348713496818818,0.000267715762679727,0.00420364587667364,0.00178258360033273,0.000612075869618545,1.72554494769e-05,0.000270249338221545,0.00419786054464455,0.000941246913948273,0.00321718404896091,0.0329077120068182,132.818181818182,18.4221572402455,1.21680745753745,4.322111450419,265.378514251727,3.19032969283545,0.969809868182,0.620961715394182,0.348841389240455,0.124216939512673,0.0464638212432636,0.137286391162527,0.239262094077909,0.00472102950333727,0.00554279286398273,4.71211570163909e-05,0.00236486304569636,0.000805987593181273,0.000329023430148182,0.000236315387625818,0.00426694530134182,0.00167114621408636,0.000567953711709909,1.289890532069e-05,0.000226852562088636,0.00419935450197636,0.000929775344637455,0.00324751610876455,0.0333304243690727,111.272727272727,18.9854609117364,1.37316195252809,5.21182281093545,219.867129519818,2.94109166599727,0.965819950028364,0.631183737496,0.349020911928182,0.124334139634736,"09.18.24","IMG_4694.JPG","advanced_2024_Cascade_2023_1","advanced","Cascade",2023,3.5,2024,"Cascade"
"20","09.18.24_IMG_4696.JPG",113.979348689436,5.47326067866221,3.4252622736537,2.10639155134454,10.2390373272408,2.98927104239492,30.1900092899545,105.679970269818,126.819009290091,11,1855.72727272727,1633.54545454545,368.272727272727,294.181818181818,0.182569566777,0.00680542481823182,0.000227118213435,1.13851202754782e-05,7.87099386068545e-10,6.94884346369455e-07,2.40517931805125e-10,1.30631692139164,0.668250089037909,0.936906333554,298.637648719,87.6477428783273,390.409163041545,310.383175936727,333.755035400364,0.0147403371189509,0.233177091745909,0.263750700722636,0.00511937403196182,0.00499535870115091,7.65480122875909e-05,0.00211573717440182,0.000698963858633545,0.000236189455762909,0.000316041012448455,0.00311132309397818,0.00161118184855891,0.000513094151510182,2.11395178980373e-05,0.000215432685933027,0.00279396474255091,0.000536530757313,0.00311764716790727,0.0370214737877091,18.5454545454545,37.5429098570727,3.00547334179455,10.6245571005936,209.148143389909,3.71456327744818,0.891006448407546,0.602004582058455,0.442719113719636,0.206405206187545,0.0537354869865636,0.124940472110173,0.234423863864,0.00535475666828727,0.00546886931714273,7.87973964726182e-05,0.00235160444005818,0.000980250222921,0.000394790842687455,0.000326347894863727,0.00444767142271545,0.00179037222400636,0.000634720296258545,2.67531336733545e-05,0.000350171339621818,0.00369104868050455,0.000928917371216,0.00320027378414455,0.0324746549654364,125.090909090909,17.3805424916,1.33392457634318,6.42348087503364,211.820025676455,3.09080252631,0.971604763916818,0.599892923213364,0.329223277354818,0.111524609507755,0.0389659782829455,0.125220188592145,0.235615946941636,0.00507129591704091,0.00557192936566909,6.87709682639727e-05,0.00229470309637,0.000915444203070364,0.000365875149042909,0.000292788931183091,0.00453146802871909,0.00171047469749727,0.000603458439888545,2.06300702623636e-05,0.000288575842490273,0.00369999996068455,0.000921576621857273,0.00318838223618455,0.0329546264717727,103.727272727273,17.6157408535,1.63260024684145,7.77669104766364,176.332646864064,2.84582077915727,0.966966728681,0.612268830823091,0.329512987287727,0.111696899519027,"09.18.24","IMG_4696.JPG","advanced_2024_Cascade (Ninh)_2","advanced","Cascade (Ninh)",2,7.2,2024,"Cascade"
"21","09.18.24_IMG_4697.JPG",115.965051628276,5.60278704644612,3.55417791457385,2.07570909731611,10.4095224713336,2.92881299741624,26.3678290543727,103.031054215936,122.610129812909,11,1619.45454545455,1432.27272727273,352,332.909090909091,0.187461191774727,0.00908094384631818,0.000194509255157784,1.9782741585784e-05,2.85342918099212e-09,1.93424353457264e-06,4.29902321421858e-10,1.10737539489827,0.664473862277455,0.950496611116909,309.157237889636,102.270945462218,412.160425359636,355.919716575091,306.316306374273,0.0100808577893927,0.232844408949218,0.267431357815273,0.00433361456327,0.00421740041296182,4.50286106162273e-05,0.00221982929220364,0.000886616492560455,0.000258947595229727,0.000251568858915273,0.00396922811834273,0.00175020095293909,0.000530662131995091,1.14082544789864e-05,0.000206883756629855,0.00366814453211636,0.000641871816957364,0.00223054448195918,0.0372780501288182,16.6363636363636,30.1511293460455,2.59831800729545,8.71407457945273,139.052606446018,2.7869635967,0.893411192916909,0.641571627063909,0.444565814627273,0.207829682085745,0.0489004622093636,0.128516228331545,0.235525565902364,0.00410333343376091,0.00438677843059455,2.80982983486091e-05,0.00230152524839545,0.00117489048291345,0.000382869919774455,0.000193052761508,0.00544349216201636,0.00178455512929909,0.000618821424340364,1.05665469076745e-05,0.000304245849300364,0.00500780604763909,0.00113018312590955,0.00200382193091182,0.0336259592083818,121.454545454545,13.7676569467855,0.655715091873327,3.38316709171991,155.4908372826,2.14276071594909,0.976577759692273,0.676640791078727,0.330749969478364,0.1155149120788,0.0356173663123182,0.128647786150455,0.236120400928909,0.00395738574079727,0.00456966898354545,2.38853795760109e-05,0.00223537749059364,0.00109310769856573,0.000371447656875818,0.000167293249184145,0.00538533594806545,0.00169518822771636,0.000608128790859545,7.38655134029545e-06,0.000249832321520745,0.00488100485490273,0.00114284225870273,0.00197947349692455,0.0341326413508455,102,13.9194267888155,0.776983299904091,3.81496479374418,127.615137763845,1.97061166741818,0.973326269412545,0.687860861477273,0.331072046936727,0.115687614440991,"09.18.24","IMG_4697.JPG","advanced_2024_Cascade  (Ninh)_1","advanced","Cascade  (Ninh)",1,NA,2024,"Cascade"
"22","09.18.24_IMG_4700.JPG",112.390786338364,4.62272904882693,3.05895110647203,2.00521689307275,9.61942036993854,3.14467934763196,33.9871000334667,104.624816743783,125.850234127083,12,1915,1681.5,316.75,278.5,0.179588833964,0.00555510764095833,0.00027142141295255,1.21107654609058e-05,8.20736187854892e-10,6.59874102863725e-07,2.46182375012334e-11,1.191991902789,0.677397075546583,0.934189800054667,271.995056231667,78.7835152546333,343.797920227,290.511389414583,289.38035329175,0.015810661917175,0.135303610935342,0.23325503601425,0.00567176948686333,0.00543800201085417,7.7518495664e-05,0.00288923197223917,0.00091637397243075,0.000287003529131833,0.000372301561123083,0.00408872782903583,0.00203684991878917,0.000664475532309333,2.42996109234917e-05,0.000332403854576,0.00374897703632,0.000692945668621583,0.003567039834645,0.031692079686475,24.5,34.24846805685,3.15586575199,12.5677397770567,227.616279386167,3.93081589741083,0.88671949934425,0.54180805948025,0.341072792554917,0.11890985224985,0.0532951995426583,0.115321690292008,0.224266124264583,0.00497911707294583,0.00513883141396667,6.3081669695825e-05,0.00272027500127,0.00105998796174775,0.000371337598373417,0.000312995914812833,0.00496999899230667,0.00193620554733083,0.000645864706130833,2.1899024168375e-05,0.0003745047532425,0.004362969900145,0.000898557427421333,0.0031110274798325,0.0315333455366167,124.333333333333,19.22036314395,1.04634869704767,5.85832227257675,233.30425321375,3.13290281922667,0.968135480939,0.5979968093745,0.3165194235315,0.102493527972358,0.0391012614411333,0.114810884592917,0.22207879577175,0.00480029901813667,0.0053218080918025,5.025443851895e-05,0.00268376804098667,0.000951929022009167,0.000347186711345167,0.000277559413397667,0.00504355888959083,0.0018946814697725,0.000609192686612167,1.77749592224333e-05,0.000312074966533833,0.0043449882258325,0.000872621428141417,0.0031732229312375,0.0317990797068667,102.25,20.4718908618083,1.16452096925625,5.95717198102708,196.97751682975,2.9416258746975,0.963012093248583,0.604984462977833,0.316470437114583,0.10246733109775,"09.18.24","IMG_4700.JPG","advanced_2024_Cascade_2024_1","advanced","Cascade",2024,5.3,2024,"Cascade"
"23","09.18.24_IMG_4701.JPG",117.156473391581,4.75552945792797,3.02556721987115,2.07577974524395,9.82083731398253,3.24594913954706,26.7927102430545,102.118588672691,121.781911797545,11,1697.81818181818,1793.72727272727,337.454545454545,287.909090909091,0.176460010001818,0.004745195808808,0.000176319598390873,9.69430765998936e-06,6.81011359128114e-10,6.91648106539893e-07,-2.98103478596306e-10,1.20177768086245,0.679936007597636,0.924567038113636,287.212597003091,68.3319487138727,354.464785489273,255.311279297,353.314908114364,0.0125589191997955,0.190045120648091,0.265762548074455,0.00489112673965727,0.00525454831565273,6.28328222280545e-05,0.00235580690396273,0.000806018913774,0.000270036215959273,0.000298785517479545,0.00361740415806091,0.00161766382463455,0.000549395436078182,1.69741533932073e-05,0.000220971301953909,0.00341783091658818,0.000635568362842909,0.00316914956319727,0.0353158868545455,17.1818181818182,33.4815380304273,3.29251968894545,13.1195440883891,197.434239702727,3.45344504901636,0.880999372023636,0.599291921189727,0.403405000700364,0.165173779119455,0.0499573518591364,0.115987972654682,0.226238651794182,0.00473049028903182,0.00547228125757455,4.35728102465636e-05,0.00249695318616182,0.000921151423031091,0.000358696196073727,0.000240494956487727,0.00494219489537273,0.00188383352791636,0.000610919180685364,1.49296570538027e-05,0.000248643146788909,0.00446030260776909,0.000971219616079091,0.00309590812213545,0.0320084091276,121.363636363636,18.1900313801545,0.822288613147755,5.21839774998091,208.004505453364,2.84920057824182,0.969650378395182,0.622239269252909,0.318578139260545,0.103330903069745,0.0371469342777182,0.115173661218045,0.222784074062545,0.00453135413249909,0.00560870757614,3.77847712893545e-05,0.00255372527065909,0.000845148624389,0.000330287791841,0.000221206496427,0.00505244908193091,0.00184566834555545,0.000574345359655091,1.41163906416327e-05,0.000221443222631727,0.00443030682513364,0.000919611855327455,0.00318217942089,0.0321316648349909,101.181818181818,19.3694848157182,0.823301303687357,4.85786271649818,175.126052040727,2.70669551207909,0.965375338593545,0.624884680465091,0.318381245382091,0.103214048284027,"09.18.24","IMG_4701.JPG","advanced_2024_Cascade_2024_2","advanced","Cascade",2024,6,2024,"Cascade"
"24","09.18.24_IMG_4702.JPG",113.582208101668,3.49026146299612,2.72646760522257,1.71110744399636,8.4547757218803,3.10099988192969,32.9232793411385,108.699981142154,129.033181852692,13,1610.53846153846,1578.53846153846,269.076923076923,258.538461538462,0.181455528149615,0.00643795333529469,0.000128607787034349,6.32396227383181e-06,1.26191021157285e-10,-4.0402200047791e-08,5.9027465857719e-11,1.127839444152,0.670576236931769,0.913460555393462,238.292631163769,90.4249192751539,309.678210918846,235.323286790231,278.046235304615,0.0128121814954769,0.361265137405615,0.278989554065692,0.00320778200059615,0.00331773208088231,2.70363196016692e-05,0.00193843052448292,0.000609411198518769,0.000163159367456,0.000158741075522462,0.00300068846455308,0.00142997681453915,0.000344733134370538,5.86799030944038e-06,0.000116235688259123,0.00293925599147308,0.000408884246185154,0.00201148091729077,0.0428205841859538,21.2307692307692,37.4906940883769,2.28026199411615,6.24409897263154,206.883202654731,3.18887822567462,0.878956263909615,0.703194873029461,0.569770720914154,0.330918818346846,0.0543452145587308,0.123504264446662,0.235108809943154,0.00398310280521,0.00487256631789846,2.16612504821615e-05,0.00251022922637692,0.00106487592723023,0.000369987341384,0.000150348235123769,0.00574284912455846,0.00173185202484546,0.000598446423143538,6.09741995560769e-06,0.000279572451413154,0.00486933783127923,0.00106264069885508,0.00200583585358923,0.0332305970686462,127.846153846154,14.5358121077231,0.984879499406431,4.38557529703946,241.009301776846,2.61648296528769,0.967850805386692,0.675470776007692,0.324995617775,0.109202266786277,0.0397807546269,0.124325817236038,0.238371016292231,0.00375888566744385,0.00495656900674846,1.57183930048962e-05,0.00237840022370154,0.00101169458923546,0.000352117731491154,0.000137762565677469,0.00559693108767231,0.00157710811506,0.000548798061537846,3.62705173778015e-06,0.000227362351563462,0.00477030356537462,0.00105701144996369,0.00201294220428462,0.0340947679355077,106.846153846154,14.4267962009,1.29795679158085,6.03690510134962,197.169240318769,2.38730622029308,0.963559865768462,0.688543625931692,0.325664811126462,0.1096146608173,"09.18.24","IMG_4702.JPG","advanced_2024_Cascade_2022_2","advanced","Cascade",2022,4.5,2024,"Cascade"
"25","09.18.24_IMG_4709.JPG",121.922160444797,3.58020047003923,2.79453844228001,1.67225880636019,8.57835354636856,3.06968528919919,32.5747354895273,117.884037162,137.585050625545,11,1966.81818181818,1741.36363636364,298.272727272727,276.454545454545,0.185394927081727,0.00797318270297727,0.000266465722594764,2.02145668815445e-05,1.87568472346391e-09,1.3865866025479e-06,-4.60833755106836e-10,1.175635143708,0.661647211262182,0.929067069907636,257.674960090455,83.4234435882836,340.716164328818,264.244967374,297.119866111,0.0155535769513,0.204769046787636,0.263057376169182,0.00455917841230909,0.00460208553218545,5.02419472077636e-05,0.00240419981336182,0.00084658810884,0.000243674451444,0.000267205910744818,0.00382174670748182,0.00181608479537455,0.000547141800382909,1.43449185123118e-05,0.000217000642031909,0.00375458958038636,0.000616648943994545,0.00283606652714182,0.0359032019086091,22.5454545454545,36.6791099685455,2.58727760614182,7.87920686572727,220.958897380182,3.58140183760182,0.890386941773364,0.608902527952818,0.422568972977727,0.181942846606727,0.0625735229394818,0.126468385733673,0.235451946753364,0.00429592309301545,0.00474494288910455,3.49751171577e-05,0.00247556635537364,0.00109765183892755,0.000365511778173182,0.000229149354154182,0.00508399954814091,0.00185704144840182,0.000624279008258909,8.55140848702545e-06,0.000307319902110818,0.00489798141276909,0.00103852793179509,0.00255876815543182,0.0328798107586818,136.818181818182,16.2991723683545,0.586462955002973,3.83162918388827,253.647079277091,2.85514396235909,0.970921931638273,0.644280762978091,0.333079830101545,0.113087458715136,0.0474414068961,0.126758925147482,0.236695512480545,0.00415563185706091,0.00486552737214727,3.07797746523e-05,0.00240114940176182,0.001032071787423,0.000341231967253909,0.000204294875484,0.00505393059135636,0.00179526753334818,0.000620752126812909,7.88412665807545e-06,0.000267714629787364,0.00487958021095,0.00103384298711782,0.00257654292364,0.0332337978345636,116.454545454545,16.4499614505818,0.924669641174818,4.75768548270918,211.328290463545,2.64619724217636,0.967600405889,0.652249885347273,0.333309983227545,0.113225127199473,"09.18.24","IMG_4709.JPG","advanced_2024_Cascade_2022_1","advanced","Cascade",2022,5.3,2024,"Cascade"
"26","09.18.24_IMG_4714.JPG",113.582208101668,5.05195902375311,3.32854912414509,1.98134744643054,10.3744576907157,3.11681074960258,36.1757958677091,114.591021114364,137.698861572091,11,1893.27272727273,1792.09090909091,322.636363636364,321.454545454545,0.186898598457545,0.00856579175296,0.000265788123514673,1.91966444537418e-05,2.36457221993673e-09,1.55518709520017e-06,3.44800906041286e-10,1.07276070146182,0.642834996631636,0.926745590789455,286.507914690455,90.0316909442091,378.063959295273,298.117374767091,324.958955244636,0.0184688325391927,0.187928678330364,0.253036841202273,0.00521905565552455,0.00454263368291636,7.93327276341545e-05,0.00249151840768545,0.000847971903931182,0.000254443488733364,0.000345699846054091,0.00385619914467364,0.00211131620851,0.00055292315963,2.47621840867182e-05,0.000285402549182364,0.00339241972119455,0.000591760682601091,0.00293913923197909,0.0349654214056636,23.9090909090909,39.3141764607727,2.59284056353727,8.40981757694909,239.580629327545,4.04240507322636,0.900919570492545,0.576093513559,0.406591215288909,0.1690302334095,0.0648055555147727,0.137391004440136,0.237742656205727,0.00508173558290455,0.00434678761292636,8.07081856649636e-05,0.00225710191857091,0.00116100076235036,0.000381496757452545,0.000321319734718818,0.00453324204220727,0.00203400393250091,0.000639443730019273,3.28885428522364e-05,0.000415221173873364,0.00415449262664091,0.000936456624649818,0.00267417280639091,0.0334499279662818,134.727272727273,19.1132435104727,1.07035754762185,3.80598925754964,243.964245718727,3.15938469275,0.973208374503,0.615884026740909,0.351121815983182,0.125461428796064,0.0469432915361727,0.1376669866169,0.239011207723545,0.00485458430111909,0.00445434079970182,7.04194250533e-05,0.00220719347110636,0.00110101131913273,0.000374417637080455,0.000295538155405,0.00459971314749909,0.00191658728984818,0.000616895614373455,2.32309277399273e-05,0.000342215118161727,0.00409310786962455,0.000937545276159091,0.00268654542553091,0.0339266542224727,111.181818181818,19.3611747033909,1.34406799028657,5.16649987049818,201.306618625636,2.87377389514455,0.969035836934727,0.629537440104364,0.351350031646455,0.125614691889264,"09.18.24","IMG_4714.JPG","advanced_2024_Cascade_2023_2","advanced","Cascade",2023,5.4,2024,"Cascade"
